dataset,seed,gb_model,bb_model,AUC,PPCR,PQEOM,PQOM,PCFA,95TQM,Max_Acc,Argmax_q,s_Acc,GB_Perf,BB_Perf
Bank,0,ClassificationTree,GradientBoostingClassifier,79.07,6.39,92.08,50.5,6.93,100.0,79.43,82.0,73.67,78.62,78.98
Bank,1,ClassificationTree,GradientBoostingClassifier,80.07,7.37,83.17,53.47,5.94,100.0,80.42,85.0,74.89,79.34,80.06
Bank,2,ClassificationTree,GradientBoostingClassifier,80.45,24.7,54.46,0.0,88.12,100.0,80.6,75.0,76.01,78.67,80.6
Bank,3,ClassificationTree,GradientBoostingClassifier,79.45,15.0,3.96,0.0,83.17,100.0,79.84,35.0,74.3,77.9,79.84
Bank,4,ClassificationTree,GradientBoostingClassifier,79.07,3.46,8.91,0.0,98.02,100.0,79.25,8.0,75.38,78.71,79.25
BrazilianHousesR,0,RegressionTree,GradientBoostingRegressor,88.85,32.83,29.7,18.81,3.96,89.0,90.47,23.0,75.56,81.21,90.34
BrazilianHousesR,1,RegressionTree,GradientBoostingRegressor,71.32,1.19,44.55,39.6,36.63,100.0,73.33,82.0,58.59,70.75,71.37
BrazilianHousesR,2,RegressionTree,GradientBoostingRegressor,77.22,10.72,61.39,55.45,45.54,100.0,78.63,47.0,63.4,74.18,77.07
BrazilianHousesR,3,RegressionTree,GradientBoostingRegressor,77.73,11.18,69.31,56.44,18.81,100.0,78.98,82.0,63.13,74.62,77.52
BrazilianHousesR,4,RegressionTree,GradientBoostingRegressor,71.23,12.05,30.69,27.72,38.61,91.0,74.09,14.0,54.59,66.52,71.99
PolR,0,RegressionTree,GradientBoostingRegressor,87.77,31.24,99.01,98.02,100.0,100.0,88.35,23.0,81.56,86.19,86.13
PolR,1,RegressionTree,GradientBoostingRegressor,88.0,36.23,98.02,97.03,98.02,100.0,88.6,34.0,80.89,86.57,85.21
PolR,2,RegressionTree,GradientBoostingRegressor,88.21,36.31,98.02,97.03,100.0,100.0,88.76,52.0,80.86,86.7,85.56
PolR,3,RegressionTree,GradientBoostingRegressor,88.63,37.98,94.06,93.07,90.1,100.0,89.4,53.0,81.24,87.4,85.62
PolR,4,RegressionTree,GradientBoostingRegressor,88.59,29.34,98.02,97.03,100.0,100.0,89.08,41.0,82.06,87.33,86.54
SuperconductR,0,RegressionTree,GradientBoostingRegressor,82.55,10.53,61.39,42.57,12.87,100.0,82.85,1.0,74.9,81.06,82.65
Wine,0,ClassificationTree,GradientBoostingClassifier,81.43,36.17,27.72,1.98,88.12,95.0,82.5,80.0,78.96,75.05,82.12
Wine,1,LogisticRegression,GradientBoostingClassifier,79.73,21.08,36.63,0.0,54.46,98.0,80.82,36.0,74.67,75.05,80.82
Wine,2,LogisticRegression,GradientBoostingClassifier,81.19,40.42,85.15,55.45,67.33,98.0,82.5,79.0,77.65,75.79,81.19
Wine,3,LogisticRegression,GradientBoostingClassifier,78.47,31.34,91.09,74.26,68.32,99.0,79.14,91.0,75.05,73.93,78.21
Wine,4,LogisticRegression,GradientBoostingClassifier,82.31,37.91,76.24,56.44,62.38,97.0,83.24,74.0,78.58,75.61,82.5
