q,perf_eeg,perf_random,perf_oracle,pcfa_choice
0.0,0.80260706,0.80260706,0.80260706,0.0
0.01,0.80260706,0.8011173,0.8119181,0.0
0.02,0.80260706,0.8,0.82309127,0.0
0.03,0.80260706,0.79981375,0.8324022,0.0
0.04,0.80260706,0.79906887,0.84171325,0.0
0.05,0.80260706,0.7981378,0.8528864,0.0
0.06,0.80260706,0.7979516,0.8621974,0.0
0.07,0.80260706,0.79627556,0.8733706,0.0
0.08,0.80260706,0.7953445,0.87523276,0.0
0.09,0.80260706,0.79459965,0.87523276,0.0
0.1,0.80633146,0.7942271,0.87523276,0.0
0.11,0.80633146,0.7938547,0.87523276,0.0
0.12,0.80633146,0.7940409,0.87523276,0.0
0.13,0.8044693,0.79385465,0.87523276,0.0
0.14,0.8044693,0.7944134,0.87523276,0.0
0.15,0.8044693,0.7942271,0.87523276,0.0
0.16,0.80633146,0.79478586,0.87523276,0.0
0.17,0.80633146,0.794041,0.87523276,0.0
0.18,0.8044693,0.79329604,0.87523276,0.0
0.19,0.80260706,0.7931099,0.87523276,0.0
0.2,0.80260706,0.79236495,0.87523276,0.0
0.21,0.80260706,0.79106146,0.87523276,0.0
0.22,0.80260706,0.7903166,0.87523276,0.0
0.23,0.80260706,0.78919923,0.87523276,0.0
0.24,0.80633146,0.789013,0.87523276,0.0
0.25,0.80633146,0.78919923,0.87523276,0.0
0.26,0.80633146,0.78882676,0.87523276,0.0
0.27,0.80633146,0.7888268,0.87523276,0.0
0.28,0.80633146,0.78826815,0.87523276,0.0
0.29,0.80633146,0.78696454,0.87523276,0.0
0.3,0.80633146,0.7864059,0.87523276,0.0
0.31,0.80633146,0.7858473,0.87523276,0.0
0.32,0.80633146,0.7849162,0.87523276,0.0
0.33,0.80633146,0.7836126,0.87523276,0.0
0.34,0.8044693,0.7823092,0.87523276,0.0
0.35,0.8044693,0.7826816,0.87523276,0.0
0.36,0.8044693,0.7837989,0.87523276,0.0
0.37,0.8044693,0.783054,0.87523276,0.0
0.38,0.8044693,0.7823092,0.87523276,0.0
0.39,0.80633146,0.7817504,0.87523276,0.0
0.4,0.80633146,0.7817505,0.87523276,0.0
0.41,0.80633146,0.7811918,0.87523276,0.0
0.42,0.8081937,0.7813781,0.87523276,0.0
0.43,0.8081937,0.78081936,0.87523276,0.0
0.44,0.8081937,0.78119177,0.87523276,0.0
0.45,0.8119181,0.78081936,0.87523276,0.0
0.46,0.81378025,0.7802607,0.87523276,0.0
0.47,0.81378025,0.780447,0.87523276,0.0
0.48,0.81005585,0.7798883,0.87523276,0.0
0.49,0.81005585,0.779702,0.87523276,0.0
0.5,0.8081937,0.77951586,0.87523276,0.0
0.51,0.81005585,0.7791434,0.87523276,0.0
0.52,0.8081937,0.7783985,0.87523276,0.0
0.53,0.80633146,0.77802604,0.87523276,0.0
0.54,0.8044693,0.7761639,0.87523276,0.0
0.55,0.8044693,0.77579147,0.87523276,0.0
0.56,0.8007449,0.77411544,0.87523276,0.0
0.57,0.80260706,0.77392924,0.87523276,0.0
0.58,0.8044693,0.7741155,0.87523276,0.0
0.59,0.8044693,0.77411544,0.87523276,0.0
0.6,0.8044693,0.7735568,0.87523276,0.0
0.61,0.80633146,0.772812,0.87523276,0.0
0.62,0.80633146,0.7722532,0.87523276,0.0
0.63,0.80633146,0.7707635,0.87523276,0.0
0.64,0.80633146,0.7696462,0.87523276,0.0
0.65,0.8081937,0.7689012,0.87523276,0.0
0.66,0.8081937,0.7681564,0.87523276,0.0
0.67,0.8081937,0.76741153,0.87523276,0.0
0.68,0.8081937,0.767784,0.87523276,0.0
0.69,0.8119181,0.7664805,0.87523276,0.0
0.7,0.8119181,0.7672254,0.87523276,0.0
0.71,0.8119181,0.7681565,0.87523276,0.0
0.72,0.8119181,0.7674116,0.87523276,0.0
0.73,0.8119181,0.7683426,0.87523276,0.0
0.74,0.81005585,0.7679702,0.87523276,0.0
0.75,0.8081937,0.766108,0.87523276,0.0
0.76,0.81005585,0.76573557,0.87523276,0.0
0.77,0.8081937,0.7651769,0.87523276,0.0
0.78,0.8081937,0.76554936,0.87523276,0.0
0.79,0.8119181,0.7649907,0.87523276,0.0
0.8,0.81005585,0.7644321,0.87523276,0.0
0.81,0.8081937,0.76405966,0.87523276,0.0
0.82,0.80633146,0.7644321,0.87523276,0.0
0.83,0.8044693,0.7644321,0.87523276,0.0
0.84,0.8044693,0.76387334,0.87523276,0.0
0.85,0.80260706,0.763501,0.87523276,0.0
0.86,0.80260706,0.7633147,0.87523276,0.0
0.87,0.8081937,0.76368713,0.87523276,1.0
0.88,0.8081937,0.7640596,0.87523276,1.0
0.89,0.8044693,0.7638734,0.86778396,0.0
0.9,0.80633146,0.76368725,0.858473,0.0
0.91,0.7970205,0.76312846,0.8472998,1.0
0.92,0.79515827,0.76256984,0.83798885,1.0
0.93,0.80633146,0.76256984,0.82867783,0.0
0.94,0.8044693,0.76163876,0.81750464,0.0
0.95,0.8007449,0.76126635,0.8081937,0.0
0.96,0.7932961,0.7597766,0.7970205,0.0
0.97,0.7839851,0.75940406,0.7877095,0.0
0.98,0.7783985,0.75921786,0.7783985,0.0
0.99,0.7672253,0.7581006,0.7672253,0.0
1.0,0.75791436,0.7579144,0.75791436,0.0
