Dataset,Metric,Paper,Ours,Ours_Std,Abs_Difference,Rel_Difference_%
Wine,AUC,79.0,80.7,0.8,1.7,2.1
Wine,PPCR,21.0,33.9,5.6,12.9,61.3
Wine,PQEOM,71.0,63.2,36.8,-7.8,-11.0
Wine,PQOM,0.0,26.3,32.2,26.3,-
Wine,PCFA,7.0,20.8,22.0,13.8,197.0
Wine,95TQM,98.0,97.4,1.5,-0.6,-0.6
Wine,Max_Acc,80.0,81.5,0.9,1.5,1.8
Wine,Argmax_q,70.0,71.2,15.5,1.2,1.7
Wine,s_Acc,78.0,76.3,1.3,-1.7,-2.2
Bank,AUC,76.0,79.6,0.4,3.6,4.8
Bank,PPCR,-19.0,12.4,8.3,31.4,-165.2
Bank,PQEOM,4.0,55.2,27.2,51.2,1281.2
Bank,PQOM,0.0,17.4,17.3,17.4,-
Bank,PCFA,0.0,34.8,27.9,34.8,-
Bank,95TQM,100.0,100.0,0.0,0.0,0.0
Bank,Max_Acc,79.0,80.0,0.4,1.0,1.2
Bank,Argmax_q,100.0,63.0,28.4,-37.0,-37.0
Bank,s_Acc,71.0,74.9,0.8,3.9,5.5
PolR,AUC,98.0,88.2,0.4,-9.8,-10.0
PolR,PPCR,44.0,34.2,3.7,-9.8,-22.2
PolR,PQEOM,96.0,97.4,1.9,1.4,1.5
PolR,PQOM,93.0,96.4,1.9,3.4,3.7
PolR,PCFA,88.0,97.6,4.3,9.6,10.9
PolR,95TQM,100.0,100.0,0.0,0.0,0.0
PolR,Max_Acc,88.0,88.8,0.4,0.8,1.0
PolR,Argmax_q,81.0,40.6,12.6,-40.4,-49.9
PolR,s_Acc,84.0,81.3,0.5,-2.7,-3.2
SuperconductR,AUC,83.0,82.1,1.2,-0.9,-1.1
SuperconductR,PPCR,42.0,8.0,2.7,-34.0,-80.9
SuperconductR,PQEOM,60.0,49.1,15.4,-10.9,-18.2
SuperconductR,PQOM,24.0,42.2,12.9,18.2,75.7
SuperconductR,PCFA,95.0,47.3,30.2,-47.7,-50.2
SuperconductR,95TQM,95.0,100.0,0.0,5.0,5.3
SuperconductR,Max_Acc,83.0,82.9,1.2,-0.1,-0.1
SuperconductR,Argmax_q,57.0,22.4,13.3,-34.6,-60.7
SuperconductR,s_Acc,76.0,74.4,1.3,-1.6,-2.2
BrazilianHousesR,AUC,96.0,77.3,7.2,-18.7,-19.5
BrazilianHousesR,PPCR,71.0,13.6,11.6,-57.4,-80.9
BrazilianHousesR,PQEOM,83.0,47.1,17.9,-35.9,-43.2
BrazilianHousesR,PQOM,64.0,39.6,16.6,-24.4,-38.1
BrazilianHousesR,PCFA,1.0,28.7,17.0,27.7,2771.0
BrazilianHousesR,95TQM,93.0,96.0,5.5,3.0,3.2
BrazilianHousesR,Max_Acc,98.0,79.1,6.9,-18.9,-19.3
BrazilianHousesR,Argmax_q,8.0,49.6,31.9,41.6,520.0
BrazilianHousesR,s_Acc,88.0,63.1,7.9,-24.9,-28.3
